ejec,pd_t,pf_t
1,30.232669583,0.001279042
