ejec,pd_t,pf_t
1,7.5549701670000005,0.000612708
2,7.587183458,0.000644042
3,7.548257167,0.000612084
4,7.540969917,0.000614375
5,7.540410917,0.000619667
6,7.542953583,0.000608083
7,7.541813708,0.000621042
8,7.537205791,0.000614917
9,7.545369666,0.00060875
10,7.62434225,0.000625375
