ejec,pd_t,pf_t
1,0.302151333,0.000122375
